date,weather_code,temperature_max,temperature_min,rain_prob,day,weather,pm2_5,us_aqi,City,lat,lon,forecast_flag,us_aqi_status
2026-09-22,3,25.2,16.0,0,Tue,Overcast,14.0,58.5,London,51.5074,-0.1278,current,Moderate
2026-09-23,3,23.2,16.0,0,Wed,Overcast,10.75,60.0,London,51.5074,-0.1278,current,Moderate
2026-09-24,3,21.6,12.9,0,Thu,Overcast,4.85,29.0,London,51.5074,-0.1278,current,Good
2026-09-25,3,23.8,13.8,0,Fri,Overcast,10.0,46.5,London,51.5074,-0.1278,current,Good
2026-09-26,3,21.2,12.9,0,Sat,Overcast,5.2,50.0,London,51.5074,-0.1278,current,Good
2026-09-27,51,21.6,14.2,19,Sun,Light Drizzle,7.8,43.5,London,51.5074,-0.1278,current,Good
2026-09-28,3,19.5,14.0,1,Mon,Overcast,5.300000000000001,32.5,London,51.5074,-0.1278,current,Good
2026-09-29,51,25.9,16.7,19,Tue,Light Drizzle,8.2,32.0,London,51.5074,-0.1278,current,Good
2026-09-30,53,23.7,17.5,27,Wed,Drizzle,,,London,51.5074,-0.1278,forecast,N/A
2026-10-01,3,19.9,14.1,6,Thu,Overcast,,,London,51.5074,-0.1278,forecast,N/A
2026-10-02,3,20.9,14.5,5,Fri,Overcast,,,London,51.5074,-0.1278,forecast,N/A
2026-10-03,51,20.0,14.3,2,Sat,Light Drizzle,,,London,51.5074,-0.1278,forecast,N/A
2026-10-04,3,20.8,14.1,2,Sun,Overcast,,,London,51.5074,-0.1278,forecast,N/A
2026-10-05,3,20.9,15.5,2,Mon,Overcast,,,London,51.5074,-0.1278,forecast,N/A
2026-10-06,3,20.0,11.2,11,Tue,Overcast,,,London,51.5074,-0.1278,forecast,N/A
2026-09-22,3,19.4,13.9,11,Tue,Overcast,9.600000000000001,49.5,New York,40.7128,-74.006,current,Good
2026-09-23,3,20.2,12.1,0,Wed,Overcast,6.8,43.0,New York,40.7128,-74.006,current,Good
2026-09-24,3,19.2,11.1,0,Thu,Overcast,7.3,40.0,New York,40.7128,-74.006,current,Good
2026-09-25,55,21.7,12.2,3,Fri,Heavy Drizzle,6.15,38.0,New York,40.7128,-74.006,current,Good
2026-09-26,65,15.4,12.9,50,Sat,Heavy Rain,5.0,34.0,New York,40.7128,-74.006,current,Good
2026-09-27,63,17.4,14.0,64,Sun,Rain,3.85,29.5,New York,40.7128,-74.006,current,Good
2026-09-28,63,16.6,14.0,32,Mon,Rain,4.300000000000001,24.5,New York,40.7128,-74.006,current,Good
2026-09-29,3,20.0,13.5,1,Tue,Overcast,16.6,56.0,New York,40.7128,-74.006,current,Moderate
2026-09-30,3,23.3,13.3,0,Wed,Overcast,,,New York,40.7128,-74.006,forecast,N/A
2026-10-01,3,24.9,18.4,0,Thu,Overcast,,,New York,40.7128,-74.006,forecast,N/A
2026-10-02,3,29.5,19.4,6,Fri,Overcast,,,New York,40.7128,-74.006,forecast,N/A
2026-10-03,3,22.6,17.2,15,Sat,Overcast,,,New York,40.7128,-74.006,forecast,N/A
2026-10-04,81,19.0,16.3,43,Sun,Showers,,,New York,40.7128,-74.006,forecast,N/A
2026-10-05,3,18.9,12.4,15,Mon,Overcast,,,New York,40.7128,-74.006,forecast,N/A
2026-10-06,0,17.1,11.1,2,Tue,Clear,,,New York,40.7128,-74.006,forecast,N/A
2026-09-22,2,30.4,23.1,14,Tue,Partly Cloudy,12.7,48.0,Tokyo,35.6895,139.6917,current,Good
2026-09-23,61,22.7,19.1,57,Wed,Light Rain,22.7,73.0,Tokyo,35.6895,139.6917,current,Moderate
2026-09-24,51,28.6,19.3,15,Thu,Light Drizzle,28.25,85.5,Tokyo,35.6895,139.6917,current,Moderate
2026-09-25,63,26.6,21.2,24,Fri,Rain,26.15,110.0,Tokyo,35.6895,139.6917,current,Unhealthy for Sensitive Groups
2026-09-26,65,21.9,18.0,87,Sat,Heavy Rain,15.3,72.5,Tokyo,35.6895,139.6917,current,Moderate
2026-09-27,55,23.3,18.1,45,Sun,Heavy Drizzle,17.4,62.0,Tokyo,35.6895,139.6917,current,Moderate
2026-09-28,63,24.3,20.6,72,Mon,Rain,35.95,107.0,Tokyo,35.6895,139.6917,current,Unhealthy for Sensitive Groups
2026-09-29,63,21.4,18.5,87,Tue,Rain,40.6,106.5,Tokyo,35.6895,139.6917,current,Unhealthy for Sensitive Groups
2026-09-30,61,22.9,18.1,45,Wed,Light Rain,,,Tokyo,35.6895,139.6917,forecast,N/A
2026-10-01,53,26.0,18.9,6,Thu,Drizzle,,,Tokyo,35.6895,139.6917,forecast,N/A
2026-10-02,51,23.4,18.5,21,Fri,Light Drizzle,,,Tokyo,35.6895,139.6917,forecast,N/A
2026-10-03,3,22.3,16.6,4,Sat,Overcast,,,Tokyo,35.6895,139.6917,forecast,N/A
2026-10-04,3,23.0,15.1,16,Sun,Overcast,,,Tokyo,35.6895,139.6917,forecast,N/A
2026-10-05,53,19.7,16.9,43,Mon,Drizzle,,,Tokyo,35.6895,139.6917,forecast,N/A
2026-10-06,53,24.9,18.1,17,Tue,Drizzle,,,Tokyo,35.6895,139.6917,forecast,N/A
2026-09-22,1,27.6,16.0,0,Tue,Mainly Clear,15.95,68.0,Seoul,37.5665,126.978,current,Moderate
2026-09-23,2,26.8,17.1,5,Wed,Partly Cloudy,19.75,78.5,Seoul,37.5665,126.978,current,Moderate
2026-09-24,3,25.3,17.3,0,Thu,Overcast,21.65,72.5,Seoul,37.5665,126.978,current,Moderate
2026-09-25,3,22.7,17.6,40,Fri,Overcast,31.65,81.5,Seoul,37.5665,126.978,current,Moderate
2026-09-26,3,26.0,17.1,15,Sat,Overcast,18.4,80.0,Seoul,37.5665,126.978,current,Moderate
2026-09-27,3,26.5,16.2,1,Sun,Overcast,29.700000000000003,84.5,Seoul,37.5665,126.978,current,Moderate
2026-09-28,3,24.1,17.1,0,Mon,Overcast,11.100000000000001,73.5,Seoul,37.5665,126.978,current,Moderate
2026-09-29,1,24.8,13.5,0,Tue,Mainly Clear,14.6,57.5,Seoul,37.5665,126.978,current,Moderate
2026-09-30,61,23.9,16.0,22,Wed,Light Rain,,,Seoul,37.5665,126.978,forecast,N/A
2026-10-01,1,20.3,11.3,1,Thu,Mainly Clear,,,Seoul,37.5665,126.978,forecast,N/A
2026-10-02,0,20.3,11.3,0,Fri,Clear,,,Seoul,37.5665,126.978,forecast,N/A
2026-10-03,3,22.2,10.3,0,Sat,Overcast,,,Seoul,37.5665,126.978,forecast,N/A
2026-10-04,81,23.1,14.7,18,Sun,Showers,,,Seoul,37.5665,126.978,forecast,N/A
2026-10-05,95,18.4,12.3,16,Mon,Thunderstorm,,,Seoul,37.5665,126.978,forecast,N/A
2026-10-06,0,19.2,10.7,1,Tue,Clear,,,Seoul,37.5665,126.978,forecast,N/A
2026-09-22,95,31.9,24.4,38,Tue,Thunderstorm,45.1,161.0,Shenzhen,22.5431,114.0579,current,Unhealthy
2026-09-23,80,31.5,25.0,42,Wed,Light Showers,36.8,108.5,Shenzhen,22.5431,114.0579,current,Unhealthy for Sensitive Groups
2026-09-24,51,33.0,24.9,40,Thu,Light Drizzle,31.95,97.0,Shenzhen,22.5431,114.0579,current,Moderate
2026-09-25,2,32.9,24.6,17,Fri,Partly Cloudy,32.65,97.0,Shenzhen,22.5431,114.0579,current,Moderate
2026-09-26,1,33.7,23.8,3,Sat,Mainly Clear,31.35,105.0,Shenzhen,22.5431,114.0579,current,Unhealthy for Sensitive Groups
2026-09-27,3,33.0,24.6,0,Sun,Overcast,18.950000000000003,81.5,Shenzhen,22.5431,114.0579,current,Moderate
2026-09-28,51,32.5,26.5,37,Mon,Light Drizzle,15.95,63.0,Shenzhen,22.5431,114.0579,current,Moderate
2026-09-29,51,33.3,26.7,25,Tue,Light Drizzle,20.6,68.0,Shenzhen,22.5431,114.0579,current,Moderate
2026-09-30,1,33.9,26.8,1,Wed,Mainly Clear,,,Shenzhen,22.5431,114.0579,forecast,N/A
2026-10-01,51,33.0,26.5,21,Thu,Light Drizzle,,,Shenzhen,22.5431,114.0579,forecast,N/A
2026-10-02,95,31.5,24.0,63,Fri,Thunderstorm,,,Shenzhen,22.5431,114.0579,forecast,N/A
2026-10-03,95,28.3,23.3,57,Sat,Thunderstorm,,,Shenzhen,22.5431,114.0579,forecast,N/A
2026-10-04,95,28.7,23.8,53,Sun,Thunderstorm,,,Shenzhen,22.5431,114.0579,forecast,N/A
2026-10-05,3,29.3,21.7,38,Mon,Overcast,,,Shenzhen,22.5431,114.0579,forecast,N/A
2026-10-06,3,23.2,20.1,3,Tue,Overcast,,,Shenzhen,22.5431,114.0579,forecast,N/A
2026-09-22,95,32.0,25.4,67,Tue,Thunderstorm,18.7,65.0,Bangkok,13.7563,100.5018,current,Moderate
2026-09-23,95,32.2,24.9,49,Wed,Thunderstorm,19.15,69.0,Bangkok,13.7563,100.5018,current,Moderate
2026-09-24,95,30.6,24.7,75,Thu,Thunderstorm,19.25,73.0,Bangkok,13.7563,100.5018,current,Moderate
2026-09-25,95,27.4,24.4,99,Fri,Thunderstorm,5.949999999999999,58.5,Bangkok,13.7563,100.5018,current,Moderate
2026-09-26,81,26.7,24.0,100,Sat,Showers,2.1,22.0,Bangkok,13.7563,100.5018,current,Good
2026-09-27,95,27.8,23.7,98,Sun,Thunderstorm,1.85,20.0,Bangkok,13.7563,100.5018,current,Good
2026-09-28,95,29.4,24.4,78,Mon,Thunderstorm,5.0,24.5,Bangkok,13.7563,100.5018,current,Good
2026-09-29,53,30.9,25.4,42,Tue,Drizzle,10.9,39.0,Bangkok,13.7563,100.5018,current,Good
2026-09-30,53,31.8,25.1,26,Wed,Drizzle,,,Bangkok,13.7563,100.5018,forecast,N/A
2026-10-01,95,32.1,25.2,32,Thu,Thunderstorm,,,Bangkok,13.7563,100.5018,forecast,N/A
2026-10-02,95,31.4,25.6,35,Fri,Thunderstorm,,,Bangkok,13.7563,100.5018,forecast,N/A
2026-10-03,95,30.8,25.1,44,Sat,Thunderstorm,,,Bangkok,13.7563,100.5018,forecast,N/A
2026-10-04,53,31.1,25.0,39,Sun,Drizzle,,,Bangkok,13.7563,100.5018,forecast,N/A
2026-10-05,95,31.2,24.5,55,Mon,Thunderstorm,,,Bangkok,13.7563,100.5018,forecast,N/A
2026-10-06,80,28.6,23.1,77,Tue,Light Showers,,,Bangkok,13.7563,100.5018,forecast,N/A
2026-09-22,1,30.7,20.2,0,Tue,Mainly Clear,72.4,164.5,Beijing,39.9042,116.4074,current,Unhealthy
2026-09-23,3,32.3,21.6,0,Wed,Overcast,88.0,163.0,Beijing,39.9042,116.4074,current,Unhealthy
2026-09-24,95,26.5,19.2,58,Thu,Thunderstorm,71.35,181.5,Beijing,39.9042,116.4074,current,Unhealthy
2026-09-25,3,24.6,18.3,23,Fri,Overcast,79.19999999999999,158.5,Beijing,39.9042,116.4074,current,Unhealthy
2026-09-26,95,26.9,18.9,20,Sat,Thunderstorm,103.95,174.5,Beijing,39.9042,116.4074,current,Unhealthy
2026-09-27,95,27.1,17.6,22,Sun,Thunderstorm,46.1,171.0,Beijing,39.9042,116.4074,current,Unhealthy
2026-09-28,51,24.1,15.4,4,Mon,Light Drizzle,36.7,145.5,Beijing,39.9042,116.4074,current,Unhealthy for Sensitive Groups
2026-09-29,53,25.7,17.0,7,Tue,Drizzle,88.9,161.5,Beijing,39.9042,116.4074,current,Unhealthy
2026-09-30,2,19.9,14.3,2,Wed,Partly Cloudy,,,Beijing,39.9042,116.4074,forecast,N/A
2026-10-01,0,23.1,12.8,0,Thu,Clear,,,Beijing,39.9042,116.4074,forecast,N/A
2026-10-02,1,23.0,12.0,0,Fri,Mainly Clear,,,Beijing,39.9042,116.4074,forecast,N/A
2026-10-03,51,21.6,13.4,23,Sat,Light Drizzle,,,Beijing,39.9042,116.4074,forecast,N/A
2026-10-04,3,21.6,15.1,0,Sun,Overcast,,,Beijing,39.9042,116.4074,forecast,N/A
2026-10-05,0,25.0,12.5,0,Mon,Clear,,,Beijing,39.9042,116.4074,forecast,N/A
2026-10-06,0,24.5,12.9,0,Tue,Clear,,,Beijing,39.9042,116.4074,forecast,N/A
2026-09-22,3,29.4,21.9,4,Tue,Overcast,42.0,112.0,Shanghai,31.2304,121.4737,current,Unhealthy for Sensitive Groups
2026-09-23,3,29.9,22.5,2,Wed,Overcast,23.45,103.0,Shanghai,31.2304,121.4737,current,Unhealthy for Sensitive Groups
2026-09-24,51,30.5,23.7,20,Thu,Light Drizzle,32.6,89.0,Shanghai,31.2304,121.4737,current,Moderate
2026-09-25,51,33.2,23.5,14,Fri,Light Drizzle,35.35,93.0,Shanghai,31.2304,121.4737,current,Moderate
2026-09-26,95,32.6,24.3,52,Sat,Thunderstorm,36.4,110.0,Shanghai,31.2304,121.4737,current,Unhealthy for Sensitive Groups
2026-09-27,96,28.5,23.3,78,Sun,Thunderstorm with Hail,29.65,92.5,Shanghai,31.2304,121.4737,current,Moderate
2026-09-28,53,28.0,23.6,57,Mon,Drizzle,19.799999999999997,91.0,Shanghai,31.2304,121.4737,current,Moderate
2026-09-29,61,25.3,22.8,51,Tue,Light Rain,27.85,78.0,Shanghai,31.2304,121.4737,current,Moderate
2026-09-30,80,24.9,22.3,54,Wed,Light Showers,,,Shanghai,31.2304,121.4737,forecast,N/A
2026-10-01,80,25.2,20.9,31,Thu,Light Showers,,,Shanghai,31.2304,121.4737,forecast,N/A
2026-10-02,51,23.4,20.1,16,Fri,Light Drizzle,,,Shanghai,31.2304,121.4737,forecast,N/A
2026-10-03,80,22.6,19.4,54,Sat,Light Showers,,,Shanghai,31.2304,121.4737,forecast,N/A
2026-10-04,81,22.0,19.5,61,Sun,Showers,,,Shanghai,31.2304,121.4737,forecast,N/A
2026-10-05,3,21.9,16.0,11,Mon,Overcast,,,Shanghai,31.2304,121.4737,forecast,N/A
2026-10-06,1,22.2,14.9,1,Tue,Mainly Clear,,,Shanghai,31.2304,121.4737,forecast,N/A
